what,kind,bundleId,bundleVersion,description,time
java.vm.specification.name,sysinfo,,,"Java Virtual Machine Specification",1507592203690
java.vm.specification.vendor,sysinfo,,,"Sun Microsystems Inc.",1507592203690
java.vm.specification.version,sysinfo,,,"1.0",1507592203690
java.vm.vendor,sysinfo,,,"Apple Inc.",1507592203690
java.vm.version,sysinfo,,,"20.65-b04-468",1507592203690
started,bundle,org.eclipse.update.scheduler,3.2.300.v20100512,"org.eclipse.update.scheduler",1507592203822
started,bundle,org.eclipse.update.configurator,3.3.100.v20100512,"org.eclipse.update.configurator",1507592204105
started,bundle,org.eclipse.update.core,3.2.402.R36x_v20100629,"org.eclipse.update.core",1507592204151
started,bundle,org.eclipse.php.debug.core,2.2.0.v20101001-2300,"org.eclipse.php.debug.core",1507592204219
started,bundle,org.eclipse.dltk.core.index.sql.h2,2.0.1.v20100909-1720,"org.eclipse.dltk.core.index.sql.h2",1507592204388
opened,editor,org.eclipse.wst.html.ui,1.0.504.v201101122108,"org.eclipse.wst.html.core.htmlsource.source",1507592204619
started,bundle,org.eclipse.epp.usagedata.ui,1.3.1.R201102081640,"org.eclipse.epp.usagedata.ui",1507592204728
activated,editor,org.eclipse.wst.html.ui,1.0.504.v201101122108,"org.eclipse.wst.html.core.htmlsource.source",1507592204782
started,bundle,org.eclipse.team.cvs.core,3.3.301.R36x_v20110119-0815,"org.eclipse.team.cvs.core",1507592205163
started,bundle,org.eclipse.team.ui,3.5.102.R36x_v20110203-1036,"org.eclipse.team.ui",1507592205275
started,bundle,org.eclipse.ui.console,3.5.0.v20100526,"org.eclipse.ui.console",1507592205326
started,bundle,org.eclipse.team.cvs.ui,3.3.302.R36x_v20110203-1036,"org.eclipse.team.cvs.ui",1507592205386
deactivated,workbench,org.eclipse.ui.workbench,3.6.2.M20110210-1200,"",1507592205980
activated,workbench,org.eclipse.ui.workbench,3.6.2.M20110210-1200,"",1507592246239
opened,editor,org.eclipse.php.ui,2.2.1.v20101001-2300,"org.eclipse.php.editor",1507592250556
activated,editor,org.eclipse.php.ui,2.2.1.v20101001-2300,"org.eclipse.php.editor",1507592250670
started,bundle,org.eclipse.wst.common.frameworks,1.2.0.v201003040800,"org.eclipse.wst.common.frameworks",1507592251171
started,bundle,org.eclipse.emf.ecore,2.6.1.v20100914-1218,"org.eclipse.emf.ecore",1507592251266
started,bundle,org.eclipse.wst.common.emf,1.2.3.v201012100400,"org.eclipse.wst.common.emf",1507592251292
started,bundle,org.eclipse.jem.util,2.1.3.v201012070000,"org.eclipse.jem.util",1507592251320
started,bundle,org.eclipse.emf.ecore.xmi,2.5.0.v20100521-1846,"org.eclipse.emf.ecore.xmi",1507592251366
started,bundle,org.eclipse.wst.common.emfworkbench.integration,1.2.3.v201012020600,"org.eclipse.wst.common.emfworkbench.integration",1507592251369
started,bundle,org.eclipse.wst.common.project.facet.core,1.4.102.v201008170019,"org.eclipse.wst.common.project.facet.core",1507592251409
started,bundle,org.eclipse.wst.common.core,1.2.0.v200908252030,"org.eclipse.wst.common.core",1507592251505
started,bundle,org.eclipse.wst.common.modulecore,1.2.5.v201101270100,"org.eclipse.wst.common.modulecore",1507592251507
started,bundle,org.eclipse.wst.xsl.core,1.1.0.v201004290328,"org.eclipse.wst.xsl.core",1507592251527
started,bundle,org.eclipse.wst.xsl.exslt.core,1.0.0.v201005240426,"org.eclipse.wst.xsl.exslt.core",1507592251546
started,bundle,org.eclipse.wst.dtd.core,1.1.401.v201101122255,"org.eclipse.wst.dtd.core",1507592251827
started,bundle,org.eclipse.wst.internet.cache,1.0.400.v201004280700,"org.eclipse.wst.internet.cache",1507592252151
opened,editor,org.eclipse.php.ui,2.2.1.v20101001-2300,"org.eclipse.php.editor",1507592252763
activated,editor,org.eclipse.php.ui,2.2.1.v20101001-2300,"org.eclipse.php.editor",1507592252816
opened,editor,org.eclipse.php.ui,2.2.1.v20101001-2300,"org.eclipse.php.editor",1507592255377
activated,editor,org.eclipse.php.ui,2.2.1.v20101001-2300,"org.eclipse.php.editor",1507592255426
activated,editor,org.eclipse.php.ui,2.2.1.v20101001-2300,"org.eclipse.php.editor",1507592338357
activated,editor,org.eclipse.php.ui,2.2.1.v20101001-2300,"org.eclipse.php.editor",1507592340072
activated,editor,org.eclipse.php.ui,2.2.1.v20101001-2300,"org.eclipse.php.editor",1507592341542
started,bundle,org.eclipse.wst.server.core,1.1.206.v20110110,"org.eclipse.wst.server.core",1507592342370
started,bundle,org.eclipse.wst.server.ui,1.1.207.v20110119,"org.eclipse.wst.server.ui",1507592342405
started,bundle,org.eclipse.jdt.core,3.6.2.v_A76_R36x,"org.eclipse.jdt.core",1507592342797
started,bundle,org.eclipse.jdt.debug,3.6.1.v20100715_r361,"org.eclipse.jdt.debug",1507592342914
started,bundle,org.eclipse.jdt.launching,3.5.200.v20110105_r362,"org.eclipse.jdt.launching",1507592342959
started,bundle,org.eclipse.jdt.core.manipulation,1.3.0.v20100520-0800,"org.eclipse.jdt.core.manipulation",1507592343325
started,bundle,org.eclipse.jdt.ui,3.6.2.r362_v20110203,"org.eclipse.jdt.ui",1507592343374
started,bundle,org.eclipse.php.server.ui,2.2.0.v20101001-2300,"org.eclipse.php.server.ui",1507592343375
started,bundle,org.eclipse.jdt.debug.ui,3.5.2.v20100928a_r362,"org.eclipse.jdt.debug.ui",1507592343483
deactivated,workbench,org.eclipse.ui.workbench,3.6.2.M20110210-1200,"",1507592343492
activated,workbench,org.eclipse.ui.workbench,3.6.2.M20110210-1200,"",1507592348665
started,bundle,org.eclipse.ui.browser,3.3.1.r36_20101216,"org.eclipse.ui.browser",1507592356163
opened,editor,org.eclipse.ui.browser,3.3.1.r36_20101216,"org.eclipse.ui.browser.editor",1507592356332
activated,editor,org.eclipse.ui.browser,3.3.1.r36_20101216,"org.eclipse.ui.browser.editor",1507592356395
deactivated,workbench,org.eclipse.ui.workbench,3.6.2.M20110210-1200,"",1507592363380
activated,workbench,org.eclipse.ui.workbench,3.6.2.M20110210-1200,"",1507592365400
deactivated,workbench,org.eclipse.ui.workbench,3.6.2.M20110210-1200,"",1507592371168
activated,workbench,org.eclipse.ui.workbench,3.6.2.M20110210-1200,"",1507592374214
deactivated,workbench,org.eclipse.ui.workbench,3.6.2.M20110210-1200,"",1507592376459
activated,workbench,org.eclipse.ui.workbench,3.6.2.M20110210-1200,"",1507592377974
deactivated,workbench,org.eclipse.ui.workbench,3.6.2.M20110210-1200,"",1507592386942
activated,workbench,org.eclipse.ui.workbench,3.6.2.M20110210-1200,"",1507592389084
deactivated,workbench,org.eclipse.ui.workbench,3.6.2.M20110210-1200,"",1507592397060
activated,workbench,org.eclipse.ui.workbench,3.6.2.M20110210-1200,"",1507592435556
executed,command,org.eclipse.ui,3.6.2.M20110203-1100,"org.eclipse.ui.edit.paste",1507592438665
deactivated,workbench,org.eclipse.ui.workbench,3.6.2.M20110210-1200,"",1507592442913
activated,workbench,org.eclipse.ui.workbench,3.6.2.M20110210-1200,"",1507592444851
deactivated,workbench,org.eclipse.ui.workbench,3.6.2.M20110210-1200,"",1507592449182
activated,workbench,org.eclipse.ui.workbench,3.6.2.M20110210-1200,"",1507592815397
activated,editor,org.eclipse.php.ui,2.2.1.v20101001-2300,"org.eclipse.php.editor",1507592816694
activated,editor,org.eclipse.php.ui,2.2.1.v20101001-2300,"org.eclipse.php.editor",1507592820539
activated,editor,org.eclipse.php.ui,2.2.1.v20101001-2300,"org.eclipse.php.editor",1507592825299
activated,editor,org.eclipse.php.ui,2.2.1.v20101001-2300,"org.eclipse.php.editor",1507592832237
activated,editor,org.eclipse.php.ui,2.2.1.v20101001-2300,"org.eclipse.php.editor",1507592833742
activated,perspective,org.eclipse.php.ui,,"org.eclipse.php.perspective",1507955494481
started,bundle,org.eclipse.osgi,3.6.2.R36x_v20110210,"org.eclipse.osgi",1507955494488
started,bundle,org.eclipse.equinox.simpleconfigurator,1.0.200.v20100503,"org.eclipse.equinox.simpleconfigurator",1507955494490
started,bundle,com.ibm.icu,4.2.1.v20100412,"com.ibm.icu",1507955494491
started,bundle,org.eclipse.compare.core,3.5.101.R36x_v20100929-0800,"org.eclipse.compare.core",1507955494493
started,bundle,org.eclipse.core.contenttype,3.4.100.v20100505-1235,"org.eclipse.core.contenttype",1507955494494
started,bundle,org.eclipse.core.databinding.observable,1.3.0.I20100601-0800,"org.eclipse.core.databinding.observable",1507955494495
started,bundle,org.eclipse.core.expressions,3.4.200.v20100505,"org.eclipse.core.expressions",1507955494495
started,bundle,org.eclipse.core.filebuffers,3.5.100.v20100520-0800,"org.eclipse.core.filebuffers",1507955494496
started,bundle,org.eclipse.core.filesystem,1.3.1.R36x_v20100727-0745,"org.eclipse.core.filesystem",1507955494496
started,bundle,org.eclipse.core.jobs,3.5.1.R36x_v20100824,"org.eclipse.core.jobs",1507955494497
started,bundle,org.eclipse.core.net,1.2.100.I20100511-0800,"org.eclipse.core.net",1507955494499
started,bundle,org.eclipse.core.resources,3.6.1.R36x_v20110131-1630,"org.eclipse.core.resources",1507955494501
started,bundle,org.eclipse.core.runtime,3.6.0.v20100505,"org.eclipse.core.runtime",1507955494501
started,bundle,org.eclipse.core.runtime.compatibility,3.2.100.v20100505,"org.eclipse.core.runtime.compatibility",1507955494502
started,bundle,org.eclipse.core.runtime.compatibility.auth,3.2.200.v20100517,"org.eclipse.core.runtime.compatibility.auth",1507955494502
started,bundle,org.eclipse.debug.core,3.6.0.v20100519,"org.eclipse.debug.core",1507955494503
started,bundle,org.eclipse.debug.ui,3.6.3.v20101201_r362,"org.eclipse.debug.ui",1507955494505
started,bundle,org.eclipse.dltk.core,2.0.1.v20100806-1245,"org.eclipse.dltk.core",1507955494505
started,bundle,org.eclipse.dltk.core.index.sql,2.0.1.v20100909-1720,"org.eclipse.dltk.core.index.sql",1507955494506
started,bundle,org.eclipse.dltk.core.index.sql.h2,2.0.1.v20100909-1720,"org.eclipse.dltk.core.index.sql.h2",1507955494506
started,bundle,org.eclipse.dltk.launching,2.0.0.v20100806-1245,"org.eclipse.dltk.launching",1507955494507
started,bundle,org.eclipse.dltk.ui,2.0.0.v20100909-1720,"org.eclipse.dltk.ui",1507955494509
started,bundle,org.eclipse.emf.common,2.6.0.v20100914-1218,"org.eclipse.emf.common",1507955494510
started,bundle,org.eclipse.epp.usagedata.gathering,1.3.1.R201102081640,"org.eclipse.epp.usagedata.gathering",1507955494510
started,bundle,org.eclipse.epp.usagedata.recording,1.3.1.R201102081640,"org.eclipse.epp.usagedata.recording",1507955494511
started,bundle,org.eclipse.equinox.app,1.3.1.R36x_v20100803,"org.eclipse.equinox.app",1507955494511
started,bundle,org.eclipse.equinox.common,3.6.0.v20100503,"org.eclipse.equinox.common",1507955494512
started,bundle,org.eclipse.equinox.ds,1.2.1.R36x_v20100803,"org.eclipse.equinox.ds",1507955494513
started,bundle,org.eclipse.equinox.event,1.2.0.v20100503,"org.eclipse.equinox.event",1507955494513
started,bundle,org.eclipse.equinox.p2.core,2.0.3.R36x_v20110111,"org.eclipse.equinox.p2.core",1507955494514
started,bundle,org.eclipse.equinox.p2.directorywatcher,1.0.203.R36x_v20101220,"org.eclipse.equinox.p2.directorywatcher",1507955494515
started,bundle,org.eclipse.equinox.p2.engine,2.0.1.R36x_v20110201,"org.eclipse.equinox.p2.engine",1507955494515
started,bundle,org.eclipse.equinox.p2.metadata,2.0.1.R36x_v20101202,"org.eclipse.equinox.p2.metadata",1507955494516
started,bundle,org.eclipse.equinox.p2.metadata.repository,1.1.0.v20100513,"org.eclipse.equinox.p2.metadata.repository",1507955494516
started,bundle,org.eclipse.equinox.p2.operations,2.0.0.v20100510,"org.eclipse.equinox.p2.operations",1507955494517
started,bundle,org.eclipse.equinox.p2.reconciler.dropins,1.1.2.R36x_v20110114,"org.eclipse.equinox.p2.reconciler.dropins",1507955494518
started,bundle,org.eclipse.equinox.p2.repository,2.0.2.R36x_v20110111-1500,"org.eclipse.equinox.p2.repository",1507955494518
started,bundle,org.eclipse.equinox.p2.ui.sdk.scheduler,1.0.0.v20100507-1815,"org.eclipse.equinox.p2.ui.sdk.scheduler",1507955494519
started,bundle,org.eclipse.equinox.p2.updatechecker,1.1.101.R36x_v20100823,"org.eclipse.equinox.p2.updatechecker",1507955494519
started,bundle,org.eclipse.equinox.preferences,3.3.0.v20100503,"org.eclipse.equinox.preferences",1507955494520
started,bundle,org.eclipse.equinox.registry,3.5.0.v20100503,"org.eclipse.equinox.registry",1507955494521
started,bundle,org.eclipse.equinox.security,1.0.200.v20100503,"org.eclipse.equinox.security",1507955494522
started,bundle,org.eclipse.equinox.util,1.0.200.v20100503,"org.eclipse.equinox.util",1507955494522
started,bundle,org.eclipse.help,3.5.0.v20100524,"org.eclipse.help",1507955494523
started,bundle,org.eclipse.jface,3.6.2.M20110210-1200,"org.eclipse.jface",1507955494524
started,bundle,org.eclipse.jsch.core,1.1.200.I20100505-1245,"org.eclipse.jsch.core",1507955494530
started,bundle,org.eclipse.ltk.core.refactoring,3.5.101.r362_v20101117-0800,"org.eclipse.ltk.core.refactoring",1507955494530
started,bundle,org.eclipse.mylyn.bugzilla.core,3.4.2.v20100902-0100-e3x,"org.eclipse.mylyn.bugzilla.core",1507955494531
started,bundle,org.eclipse.mylyn.bugzilla.ui,3.4.3.v20110131-0100-e3x,"org.eclipse.mylyn.bugzilla.ui",1507955494532
started,bundle,org.eclipse.mylyn.commons.net,3.4.1.v20100625-2100-e3x,"org.eclipse.mylyn.commons.net",1507955494532
started,bundle,org.eclipse.mylyn.commons.ui,3.4.0.v20100608-0100-e3x,"org.eclipse.mylyn.commons.ui",1507955494533
started,bundle,org.eclipse.mylyn.context.core,3.4.1.v20100909-0100-e3x,"org.eclipse.mylyn.context.core",1507955494533
started,bundle,org.eclipse.mylyn.context.ui,3.4.2.v20110131-0100-e3x,"org.eclipse.mylyn.context.ui",1507955494534
started,bundle,org.eclipse.mylyn.monitor.ui,3.4.1.v20110131-0100-e3x,"org.eclipse.mylyn.monitor.ui",1507955494535
started,bundle,org.eclipse.mylyn.tasks.ui,3.4.3.v20110131-0100-e3x,"org.eclipse.mylyn.tasks.ui",1507955494536
started,bundle,org.eclipse.mylyn.team.ui,3.4.3.v20110131-0100-e3x,"org.eclipse.mylyn.team.ui",1507955494538
started,bundle,org.eclipse.php.core,2.2.1.v20101001-2300,"org.eclipse.php.core",1507955494538
started,bundle,org.eclipse.php.debug.core,2.2.0.v20101001-2300,"org.eclipse.php.debug.core",1507955494541
started,bundle,org.eclipse.php.debug.daemon,2.2.0.v20101001-2300,"org.eclipse.php.debug.daemon",1507955494541
started,bundle,org.eclipse.php.debug.ui,2.2.0.v20101001-2300,"org.eclipse.php.debug.ui",1507955494542
started,bundle,org.eclipse.php.server.core,2.2.0.v20101001-2300,"org.eclipse.php.server.core",1507955494543
started,bundle,org.eclipse.php.ui,2.2.1.v20101001-2300,"org.eclipse.php.ui",1507955494543
started,bundle,org.eclipse.search,3.6.0.v20100520-0800,"org.eclipse.search",1507955494544
started,bundle,org.eclipse.team.core,3.5.101.R36x_v20110203-1036,"org.eclipse.team.core",1507955494545
started,bundle,org.eclipse.team.cvs.core,3.3.301.R36x_v20110119-0815,"org.eclipse.team.cvs.core",1507955494546
started,bundle,org.eclipse.team.cvs.ui,3.3.302.R36x_v20110203-1036,"org.eclipse.team.cvs.ui",1507955494547
started,bundle,org.eclipse.team.ui,3.5.102.R36x_v20110203-1036,"org.eclipse.team.ui",1507955494548
started,bundle,org.eclipse.ui,3.6.2.M20110203-1100,"org.eclipse.ui",1507955494549
started,bundle,org.eclipse.ui.console,3.5.0.v20100526,"org.eclipse.ui.console",1507955494549
started,bundle,org.eclipse.ui.editors,3.6.1.r361_v20100825-0800,"org.eclipse.ui.editors",1507955494549
started,bundle,org.eclipse.ui.forms,3.5.2.r36_v20100702,"org.eclipse.ui.forms",1507955494550
started,bundle,org.eclipse.ui.ide,3.6.2.M20101201-0800,"org.eclipse.ui.ide",1507955494551
started,bundle,org.eclipse.ui.net,1.2.100.I20100505-1245,"org.eclipse.ui.net",1507955494551
started,bundle,org.eclipse.ui.views,3.5.1.M20110202-0800,"org.eclipse.ui.views",1507955494551
started,bundle,org.eclipse.ui.workbench,3.6.2.M20110210-1200,"org.eclipse.ui.workbench",1507955494552
started,bundle,org.eclipse.ui.workbench.texteditor,3.6.1.r361_v20100714-0800,"org.eclipse.ui.workbench.texteditor",1507955494553
started,bundle,org.eclipse.update.configurator,3.3.100.v20100512,"org.eclipse.update.configurator",1507955494553
started,bundle,org.eclipse.update.core,3.2.402.R36x_v20100629,"org.eclipse.update.core",1507955494553
started,bundle,org.eclipse.update.scheduler,3.2.300.v20100512,"org.eclipse.update.scheduler",1507955494554
started,bundle,org.eclipse.wst.common.uriresolver,1.1.401.v201004280700,"org.eclipse.wst.common.uriresolver",1507955494554
started,bundle,org.eclipse.wst.css.core,1.1.402.v201102031915,"org.eclipse.wst.css.core",1507955494555
started,bundle,org.eclipse.wst.css.ui,1.0.502.v201101122002,"org.eclipse.wst.css.ui",1507955494555
started,bundle,org.eclipse.wst.dtd.ui,1.0.500.v201004290328,"org.eclipse.wst.dtd.ui",1507955494556
started,bundle,org.eclipse.wst.html.core,1.1.404.v201101190004,"org.eclipse.wst.html.core",1507955494557
started,bundle,org.eclipse.wst.html.ui,1.0.504.v201101122108,"org.eclipse.wst.html.ui",1507955494557
started,bundle,org.eclipse.wst.jsdt.core,1.1.4.v201102102045,"org.eclipse.wst.jsdt.core",1507955494558
started,bundle,org.eclipse.wst.jsdt.manipulation,1.0.200.v201004150600,"org.eclipse.wst.jsdt.manipulation",1507955494558
started,bundle,org.eclipse.wst.jsdt.ui,1.1.4.v201102160540,"org.eclipse.wst.jsdt.ui",1507955494560
started,bundle,org.eclipse.wst.jsdt.web.core,1.0.304.v201102160550,"org.eclipse.wst.jsdt.web.core",1507955494560
started,bundle,org.eclipse.wst.jsdt.web.ui,1.0.304.v201012160349,"org.eclipse.wst.jsdt.web.ui",1507955494561
started,bundle,org.eclipse.wst.sse.core,1.1.504.v201102160550,"org.eclipse.wst.sse.core",1507955494561
started,bundle,org.eclipse.wst.sse.ui,1.2.3.v201102102045,"org.eclipse.wst.sse.ui",1507955494562
started,bundle,org.eclipse.wst.validation,1.2.201.v201101270100,"org.eclipse.wst.validation",1507955494562
started,bundle,org.eclipse.wst.xml.core,1.1.503.v201102102045,"org.eclipse.wst.xml.core",1507955494563
started,bundle,org.eclipse.wst.xml.ui,1.1.103.v201101122108,"org.eclipse.wst.xml.ui",1507955494564
os,sysinfo,,,"macosx",1507955494566
arch,sysinfo,,,"x86_64",1507955494566
ws,sysinfo,,,"cocoa",1507955494566
locale,sysinfo,,,"en_CA",1507955494566
processors,sysinfo,,,"4",1507955494567
java.runtime.name,sysinfo,,,"Java(TM) SE Runtime Environment",1507955494567
java.runtime.version,sysinfo,,,"1.6.0_65-b14-468-11M4833",1507955494567
java.specification.name,sysinfo,,,"Java Platform API Specification",1507955494567
java.specification.vendor,sysinfo,,,"Sun Microsystems Inc.",1507955494567
java.specification.version,sysinfo,,,"1.6",1507955494567
java.vendor,sysinfo,,,"Apple Inc.",1507955494567
java.version,sysinfo,,,"1.6.0_65",1507955494567
java.vm.info,sysinfo,,,"mixed mode",1507955494567
java.vm.name,sysinfo,,,"Java HotSpot(TM) 64-Bit Server VM",1507955494567
java.vm.specification.name,sysinfo,,,"Java Virtual Machine Specification",1507955494567
java.vm.specification.vendor,sysinfo,,,"Sun Microsystems Inc.",1507955494567
java.vm.specification.version,sysinfo,,,"1.0",1507955494567
java.vm.vendor,sysinfo,,,"Apple Inc.",1507955494567
java.vm.version,sysinfo,,,"20.65-b04-468",1507955494567
deactivated,workbench,org.eclipse.ui.workbench,3.6.2.M20110210-1200,"",1507955500159
activated,workbench,org.eclipse.ui.workbench,3.6.2.M20110210-1200,"",1507960451435
opened,editor,org.eclipse.php.ui,2.2.1.v20101001-2300,"org.eclipse.php.editor",1507960456628
activated,editor,org.eclipse.php.ui,2.2.1.v20101001-2300,"org.eclipse.php.editor",1507960456685
opened,editor,org.eclipse.php.ui,2.2.1.v20101001-2300,"org.eclipse.php.editor",1507960461277
activated,editor,org.eclipse.php.ui,2.2.1.v20101001-2300,"org.eclipse.php.editor",1507960461332
opened,editor,org.eclipse.wst.html.ui,1.0.504.v201101122108,"org.eclipse.wst.html.core.htmlsource.source",1507960468655
activated,editor,org.eclipse.wst.html.ui,1.0.504.v201101122108,"org.eclipse.wst.html.core.htmlsource.source",1507960468740
activated,editor,org.eclipse.php.ui,2.2.1.v20101001-2300,"org.eclipse.php.editor",1507960470376
started,bundle,org.eclipse.wst.server.core,1.1.206.v20110110,"org.eclipse.wst.server.core",1507960474455
started,bundle,org.eclipse.wst.server.ui,1.1.207.v20110119,"org.eclipse.wst.server.ui",1507960474469
started,bundle,org.eclipse.ui.browser,3.3.1.r36_20101216,"org.eclipse.ui.browser",1507960474485
opened,editor,org.eclipse.ui.browser,3.3.1.r36_20101216,"org.eclipse.ui.browser.editor",1507960474906
activated,editor,org.eclipse.ui.browser,3.3.1.r36_20101216,"org.eclipse.ui.browser.editor",1507960474959
opened,editor,org.eclipse.php.ui,2.2.1.v20101001-2300,"org.eclipse.php.editor",1507960504109
activated,editor,org.eclipse.php.ui,2.2.1.v20101001-2300,"org.eclipse.php.editor",1507960504197
started,bundle,org.eclipse.wst.common.frameworks,1.2.0.v201003040800,"org.eclipse.wst.common.frameworks",1507960504637
started,bundle,org.eclipse.emf.ecore,2.6.1.v20100914-1218,"org.eclipse.emf.ecore",1507960504653
started,bundle,org.eclipse.wst.common.emf,1.2.3.v201012100400,"org.eclipse.wst.common.emf",1507960504657
started,bundle,org.eclipse.jem.util,2.1.3.v201012070000,"org.eclipse.jem.util",1507960504666
started,bundle,org.eclipse.emf.ecore.xmi,2.5.0.v20100521-1846,"org.eclipse.emf.ecore.xmi",1507960504671
started,bundle,org.eclipse.wst.common.emfworkbench.integration,1.2.3.v201012020600,"org.eclipse.wst.common.emfworkbench.integration",1507960504672
started,bundle,org.eclipse.wst.common.project.facet.core,1.4.102.v201008170019,"org.eclipse.wst.common.project.facet.core",1507960504674
started,bundle,org.eclipse.wst.common.core,1.2.0.v200908252030,"org.eclipse.wst.common.core",1507960504714
started,bundle,org.eclipse.wst.common.modulecore,1.2.5.v201101270100,"org.eclipse.wst.common.modulecore",1507960504716
started,bundle,org.eclipse.wst.xsl.core,1.1.0.v201004290328,"org.eclipse.wst.xsl.core",1507960504723
started,bundle,org.eclipse.wst.xsl.exslt.core,1.0.0.v201005240426,"org.eclipse.wst.xsl.exslt.core",1507960504725
started,bundle,org.eclipse.wst.dtd.core,1.1.401.v201101122255,"org.eclipse.wst.dtd.core",1507960504841
started,bundle,org.eclipse.wst.internet.cache,1.0.400.v201004280700,"org.eclipse.wst.internet.cache",1507960504986
activated,editor,org.eclipse.php.ui,2.2.1.v20101001-2300,"org.eclipse.php.editor",1507960550316
activated,editor,org.eclipse.wst.html.ui,1.0.504.v201101122108,"org.eclipse.wst.html.core.htmlsource.source",1507960579963
activated,editor,org.eclipse.ui.browser,3.3.1.r36_20101216,"org.eclipse.ui.browser.editor",1507960581398
activated,editor,org.eclipse.php.ui,2.2.1.v20101001-2300,"org.eclipse.php.editor",1507960591167
activated,editor,org.eclipse.php.ui,2.2.1.v20101001-2300,"org.eclipse.php.editor",1507960630093
executed,command,org.eclipse.ui,3.6.2.M20110203-1100,"org.eclipse.ui.edit.copy",1507960671280
executed,command,org.eclipse.ui,3.6.2.M20110203-1100,"org.eclipse.ui.edit.paste",1507960723015
executed,command,org.eclipse.ui,3.6.2.M20110203-1100,"org.eclipse.ui.file.save",1507960738423
activated,editor,org.eclipse.wst.html.ui,1.0.504.v201101122108,"org.eclipse.wst.html.core.htmlsource.source",1507960741603
activated,editor,org.eclipse.ui.browser,3.3.1.r36_20101216,"org.eclipse.ui.browser.editor",1507960743123
activated,editor,org.eclipse.php.ui,2.2.1.v20101001-2300,"org.eclipse.php.editor",1507960783581
activated,editor,org.eclipse.php.ui,2.2.1.v20101001-2300,"org.eclipse.php.editor",1507960785837
executed,command,org.eclipse.ui,3.6.2.M20110203-1100,"org.eclipse.ui.edit.cut",1507960826209
executed,command,org.eclipse.ui,3.6.2.M20110203-1100,"org.eclipse.ui.edit.paste",1507960848776
executed,command,org.eclipse.ui,3.6.2.M20110203-1100,"org.eclipse.ui.file.save",1507960857453
deactivated,workbench,org.eclipse.ui.workbench,3.6.2.M20110210-1200,"",1507960859571
activated,workbench,org.eclipse.ui.workbench,3.6.2.M20110210-1200,"",1507960860936
activated,editor,org.eclipse.ui.browser,3.3.1.r36_20101216,"org.eclipse.ui.browser.editor",1507960867557
deactivated,workbench,org.eclipse.ui.workbench,3.6.2.M20110210-1200,"",1507960923504
activated,workbench,org.eclipse.ui.workbench,3.6.2.M20110210-1200,"",1507960925081
deactivated,workbench,org.eclipse.ui.workbench,3.6.2.M20110210-1200,"",1507960928167
activated,workbench,org.eclipse.ui.workbench,3.6.2.M20110210-1200,"",1507963192717
deactivated,workbench,org.eclipse.ui.workbench,3.6.2.M20110210-1200,"",1507963201708
activated,workbench,org.eclipse.ui.workbench,3.6.2.M20110210-1200,"",1507963202407
deactivated,workbench,org.eclipse.ui.workbench,3.6.2.M20110210-1200,"",1507963206406
activated,workbench,org.eclipse.ui.workbench,3.6.2.M20110210-1200,"",1507963307435
activated,editor,org.eclipse.wst.html.ui,1.0.504.v201101122108,"org.eclipse.wst.html.core.htmlsource.source",1507963310343
activated,editor,org.eclipse.php.ui,2.2.1.v20101001-2300,"org.eclipse.php.editor",1507963312331
activated,editor,org.eclipse.ui.browser,3.3.1.r36_20101216,"org.eclipse.ui.browser.editor",1507963317039
activated,editor,org.eclipse.php.ui,2.2.1.v20101001-2300,"org.eclipse.php.editor",1507963319226
executed,command,org.eclipse.ui,3.6.2.M20110203-1100,"org.eclipse.ui.file.save",1507963400382
activated,editor,org.eclipse.ui.browser,3.3.1.r36_20101216,"org.eclipse.ui.browser.editor",1507963401855
activated,editor,org.eclipse.php.ui,2.2.1.v20101001-2300,"org.eclipse.php.editor",1507963416247
activated,editor,org.eclipse.ui.browser,3.3.1.r36_20101216,"org.eclipse.ui.browser.editor",1507963420314
activated,editor,org.eclipse.php.ui,2.2.1.v20101001-2300,"org.eclipse.php.editor",1507963466429
executed,command,org.eclipse.ui,3.6.2.M20110203-1100,"org.eclipse.ui.edit.cut",1507963508603
executed,command,org.eclipse.ui,3.6.2.M20110203-1100,"org.eclipse.ui.edit.paste",1507963529695
executed,command,org.eclipse.ui,3.6.2.M20110203-1100,"org.eclipse.ui.file.save",1507963548640
activated,editor,org.eclipse.ui.browser,3.3.1.r36_20101216,"org.eclipse.ui.browser.editor",1507963550930
activated,editor,org.eclipse.php.ui,2.2.1.v20101001-2300,"org.eclipse.php.editor",1507963565546
activated,editor,org.eclipse.php.ui,2.2.1.v20101001-2300,"org.eclipse.php.editor",1507963568067
executed,command,org.eclipse.ui,3.6.2.M20110203-1100,"org.eclipse.ui.edit.cut",1507963619662
executed,command,org.eclipse.ui,3.6.2.M20110203-1100,"org.eclipse.ui.edit.paste",1507963665763
activated,editor,org.eclipse.ui.browser,3.3.1.r36_20101216,"org.eclipse.ui.browser.editor",1507963670572
activated,editor,org.eclipse.wst.html.ui,1.0.504.v201101122108,"org.eclipse.wst.html.core.htmlsource.source",1507963671726
activated,editor,org.eclipse.php.ui,2.2.1.v20101001-2300,"org.eclipse.php.editor",1507963673094
deactivated,workbench,org.eclipse.ui.workbench,3.6.2.M20110210-1200,"",1507963695893
activated,workbench,org.eclipse.ui.workbench,3.6.2.M20110210-1200,"",1507966175322
deactivated,workbench,org.eclipse.ui.workbench,3.6.2.M20110210-1200,"",1507966196989
activated,workbench,org.eclipse.ui.workbench,3.6.2.M20110210-1200,"",1507966208663
activated,editor,org.eclipse.php.ui,2.2.1.v20101001-2300,"org.eclipse.php.editor",1507966209896
activated,editor,org.eclipse.ui.browser,3.3.1.r36_20101216,"org.eclipse.ui.browser.editor",1507966235784
activated,editor,org.eclipse.php.ui,2.2.1.v20101001-2300,"org.eclipse.php.editor",1507966244322
deactivated,workbench,org.eclipse.ui.workbench,3.6.2.M20110210-1200,"",1507966267187
activated,workbench,org.eclipse.ui.workbench,3.6.2.M20110210-1200,"",1507966311963
deactivated,workbench,org.eclipse.ui.workbench,3.6.2.M20110210-1200,"",1507966315288
